RegioNaam;RegioCode;AmsterdamseCode;OuderRegioNaam;OuderRegioCode;Kiesgerechtigden;Opkomst;OngeldigeStemmen;BlancoStemmen;GeldigeStemmen;Partij van de Arbeid (P.v.d.A.);CDA;VVD;CPN/GNP/PPR/PSP;GPV/RPF/SGP;Centrumpartij;Democraten 66 (D66);Europese Groenen;God Met Ons
Aalburg;G0738;11084;Noord-Brabant;P30;6992;3573;17;;3556;613;1121;492;58;1150;50;33;29;10
Aalsmeer;G0358;11264;Noord-Holland;P27;14709;8312;54;;8258;2073;2767;2257;329;329;195;179;105;24
Aalten;G0197;11046;Gelderland;P25;12776;7695;36;;7659;1564;4441;845;241;308;62;102;68;28
Aardenburg;G0648;11020;Zeeland;P29;2652;1519;17;;1502;345;581;408;33;13;27;78;10;7
Aarle-Rixtel;G0739;10757;Noord-Brabant;P30;3827;1944;17;;1927;503;963;299;60;10;32;29;25;6
Abcoude;G0305;10712;Utrecht;P26;5516;3517;20;;3497;699;1045;1184;170;135;78;132;44;10
Achtkarspelen;G0059;10199;Fryslân;P21;18474;11579;62;;11517;4409;4555;752;293;1227;63;90;102;26
Adorp;G0001;10996;Groningen;P20;1300;886;1;;885;221;293;156;72;114;6;10;9;4
Aduard;G0002;10999;Groningen;P20;1995;1393;6;;1387;452;412;200;62;199;14;31;14;3
Akersloot;G0360;10346;Noord-Holland;P27;3502;2013;19;;1994;491;792;426;108;17;39;69;41;11
Alblasserdam;G0482;11327;Zuid-Holland;P28;12192;6517;45;;6472;2897;1226;812;233;948;137;101;89;29
Alkemade;G0483;10349;Zuid-Holland;P28;9295;5173;39;;5134;970;2551;1040;271;41;87;85;75;14
Alkmaar;G0361;10527;Noord-Holland;P27;59789;28708;238;;28470;11022;6347;5524;2780;523;897;708;556;113
Almelo;G0141;11053;Overijssel;P23;43514;23501;161;;23340;10212;6681;3463;983;637;564;491;242;67
Almere;G0034;10018;Niet-provinciaal ingedeeld;P99;23455;10120;61;;10059;5101;958;1673;1024;119;609;356;193;26
Alphen aan den Rijn;G0484;10517;Zuid-Holland;P28;37792;19456;166;;19290;5166;5775;5000;942;1171;354;507;297;78
Alphen en Riel;G0741;10710;Noord-Brabant;P30;4072;2220;17;;2203;403;1238;409;62;6;37;31;12;5
Ambt Delden;G0142;11400;Overijssel;P23;3880;2633;14;;2619;279;1827;427;27;;19;23;15;2
Ameide;G0485;11349;Zuid-Holland;P28;2113;1421;5;;1416;404;534;157;23;262;10;21;2;3
Ameland;G0060;11153;Fryslân;P21;2256;1560;7;;1553;485;601;302;54;49;7;38;16;1
Amerongen;G0306;11372;Utrecht;P26;4685;2644;22;;2622;691;817;631;77;272;37;65;28;4
Amersfoort;G0307;10948;Utrecht;P26;63831;33299;260;;33039;9937;9627;6902;1930;2543;700;966;349;85
Ammerstol;G0486;10863;Zuid-Holland;P28;1180;769;11;;758;526;53;85;47;14;8;11;13;1
Ammerzoden;G0198;10151;Gelderland;P25;2886;1507;13;;1494;369;796;167;29;61;27;33;8;4
Amstelveen;G0362;10799;Noord-Holland;P27;53771;30516;212;;30304;7929;6804;10420;2054;537;743;1156;549;112
Amsterdam;G0363;11150;Noord-Holland;P27;510086;222938;1787;;221151;96662;28547;34874;32452;2265;15199;6767;3534;851
Andijk;G0364;10822;Noord-Holland;P27;4000;2181;21;;2160;590;768;308;156;225;35;40;32;6
Angerlo;G0199;11131;Gelderland;P25;3099;1750;11;;1739;621;760;210;43;15;21;38;23;8
Anloo;G0105;10787;Drenthe;P22;5146;3223;18;;3205;1588;193;1056;188;43;31;61;43;2
Anna Paulowna;G0366;10344;Noord-Holland;P27;7187;3877;29;;3848;1059;1126;1170;159;115;59;100;46;14
Apeldoorn;G0200;11075;Gelderland;P25;104721;54298;330;;53968;17846;15086;12568;2061;3231;986;1467;535;188
Appingedam;G0003;10886;Groningen;P20;9437;5265;41;;5224;2787;1233;588;219;199;70;64;41;23
Arcen en Velden;G0885;10202;Limburg;P31;5949;2681;18;;2663;520;1455;437;113;9;28;45;37;19
Arkel;G0487;10079;Zuid-Holland;P28;2355;1446;9;;1437;736;254;290;47;38;22;29;14;7
Arnemuiden;G0649;11419;Zeeland;P29;2799;1178;5;;1173;238;251;174;15;458;15;9;8;5
Arnhem;G0202;10795;Gelderland;P25;97825;46375;327;;46048;18714;10809;8627;3375;1000;1418;1207;638;260
Asperen;G0488;11369;Zuid-Holland;P28;1958;1018;1;;1017;260;322;234;25;126;15;18;7;10
Assen;G0106;10522;Drenthe;P22;34498;19563;112;;19451;8515;3698;3397;1150;1714;227;457;244;49
Asten;G0743;10478;Noord-Brabant;P30;9977;5092;37;;5055;979;2991;659;209;8;52;73;56;28
Avereest;G0143;11190;Overijssel;P23;9942;6119;46;;6073;1629;2623;1022;123;442;65;97;42;30
Axel;G0650;11289;Zeeland;P29;8735;4160;24;;4136;1204;1308;638;101;683;73;66;41;22
Baarle-Nassau;G0744;10060;Noord-Brabant;P30;4046;2199;3;;2196;375;1223;413;78;11;35;26;22;13
Baarn;G0308;11411;Utrecht;P26;18426;10186;56;;10130;2626;2604;3297;496;537;160;245;131;34
Baexem;G0886;11255;Limburg;P31;1631;818;5;;813;146;524;99;21;;5;7;5;6
Baflo;G0004;10539;Groningen;P20;2066;1403;4;;1399;450;540;204;60;105;10;22;6;2
Bakel en Milheeze;G0745;10749;Noord-Brabant;P30;5313;2858;22;;2836;603;1789;254;76;5;28;47;27;7
Barendrecht;G0489;10943;Zuid-Holland;P28;13329;7584;38;;7546;1682;2332;1771;228;1018;194;199;105;17
Barneveld;G0203;10906;Gelderland;P25;25689;13853;78;;13775;1591;5212;2632;273;3594;176;162;90;45
Barsingerhorn;G0369;10973;Noord-Holland;P27;2781;1540;13;;1527;780;152;417;81;14;30;30;19;4
Bathmen;G0144;11030;Overijssel;P23;3672;2282;12;;2270;681;544;827;74;17;15;85;25;2
Bedum;G0005;10425;Groningen;P20;6822;4622;15;;4607;1188;1749;526;170;840;24;72;35;3
Beegden;G0887;11089;Limburg;P31;1255;539;5;;534;135;239;96;18;;12;20;9;5
Beek;G0888;11374;Limburg;P31;12059;5943;84;;5859;1732;2330;1085;264;29;89;137;94;99
Beek en Donk;G0746;10173;Noord-Brabant;P30;6194;2888;14;;2874;743;1495;302;204;9;41;41;20;19
Beemster;G0370;10816;Noord-Holland;P27;5713;3551;24;;3527;1089;969;1084;171;27;42;105;34;6
Beers;G0747;11410;Noord-Brabant;P30;2106;1282;6;;1276;232;832;119;41;2;15;23;7;5
Beerta;G0006;11043;Groningen;P20;2423;1694;21;;1673;684;67;180;669;15;24;10;22;2
Beesel;G0889;10195;Limburg;P31;8427;3689;58;;3631;1100;1731;454;124;16;67;59;40;40
Beilen;G0107;10520;Drenthe;P22;9962;6361;32;;6329;2720;1872;1116;182;212;55;97;57;18
Belfeld;G0890;10292;Limburg;P31;3480;1662;21;;1641;473;842;197;41;4;30;19;15;20
Bellingwedde;G0007;10340;Groningen;P20;7219;4540;47;;4493;2828;487;592;348;91;62;38;35;12
Bemmel;G0206;10744;Gelderland;P25;10963;5214;37;;5177;1593;2558;621;178;22;45;92;40;28
Bennebroek;G0372;10734;Noord-Holland;P27;4388;2722;27;;2695;427;935;1030;114;45;19;84;31;10
Benschop;G0309;11330;Utrecht;P26;2163;1268;14;;1254;123;555;187;23;320;13;16;12;5
Benthuizen;G0490;10398;Zuid-Holland;P28;2198;1242;11;;1231;263;251;298;26;324;18;40;10;1
Bergambacht;G0491;10962;Zuid-Holland;P28;3905;2442;36;;2406;727;520;528;48;456;58;46;19;4
Bergen;G0373;11424;Noord-Holland;P27;10560;6379;35;;6344;1622;1548;2157;429;50;172;200;142;24
Bergen;G0893;11281;Limburg;P31;9342;4446;54;;4392;1155;2356;552;137;14;54;66;33;25
Bergen op Zoom;G0748;11037;Noord-Brabant;P30;32784;16112;142;;15970;5338;4899;3815;675;132;587;335;141;48
Bergeyk;G0749;11160;Noord-Brabant;P30;6792;3418;26;;3392;761;1853;482;116;18;47;58;34;23
Bergh;G0207;10350;Gelderland;P25;12758;6376;53;;6323;1783;3126;890;203;39;94;85;50;53
Berghem;G0750;10733;Noord-Brabant;P30;3887;1725;12;;1713;712;662;187;55;7;27;37;19;7
Bergschenhoek;G0492;10445;Zuid-Holland;P28;4969;2886;6;;2880;593;1106;641;64;250;109;60;42;15
Berkel en Rodenrijs;G0493;10139;Zuid-Holland;P28;10505;6334;39;;6295;949;2502;1546;170;708;150;174;79;17
Berkel-Enschot;G0751;11132;Noord-Brabant;P30;6852;4155;18;;4137;766;1993;982;179;14;50;104;42;7
Berkenwoude;G0494;10797;Zuid-Holland;P28;1016;674;3;;671;156;113;215;16;129;6;23;12;1
Berlicum;G0752;10362;Noord-Brabant;P30;5891;3063;13;;3050;879;1452;468;105;13;30;48;35;20
Bernisse;G0568;10316;Zuid-Holland;P28;8763;4625;30;;4595;1557;1115;1222;155;209;132;130;60;15
Best;G0753;10442;Noord-Brabant;P30;13449;6108;44;;6064;1687;2642;964;254;71;156;169;96;25
Beuningen;G0209;10417;Gelderland;P25;12785;5454;29;;5425;1802;2170;785;304;45;72;137;82;28
Beverwijk;G0375;10272;Noord-Holland;P27;26379;13166;81;;13085;5344;3498;2097;1037;211;364;263;198;73
Bierum;G0008;11294;Groningen;P20;3020;1785;8;;1777;496;803;276;64;78;12;21;20;7
Binnenmaas;G0585;10222;Zuid-Holland;P28;13067;6884;41;;6843;2236;1610;1816;207;597;155;147;63;12
Bladel en Netersel;G0754;11006;Noord-Brabant;P30;6601;3008;23;;2985;682;1621;388;141;12;39;46;46;10
Blaricum;G0376;10493;Noord-Holland;P27;7913;4445;17;;4428;977;1000;1764;272;68;86;178;79;4
Bleiswijk;G0495;10994;Zuid-Holland;P28;5583;3284;17;;3267;575;1195;940;62;288;58;96;40;13
Bleskensgraaf en Hofwegen;G0496;10451;Zuid-Holland;P28;1616;969;4;;965;134;290;130;30;345;9;19;5;3
Bloemendaal;G0377;10850;Noord-Holland;P27;13473;8434;54;;8380;1463;2075;3830;339;130;124;258;139;22
Bodegraven;G0497;11091;Zuid-Holland;P28;11899;6474;40;;6434;1341;2406;1325;234;777;121;147;62;21
Boekel;G0755;10432;Noord-Brabant;P30;5908;3304;26;;3278;694;2020;326;110;5;46;32;36;9
Bolsward;G0064;10865;Fryslân;P21;7113;4117;28;;4089;1504;1761;484;139;94;13;52;24;18
Boornsterhem;G0057;10815;Fryslân;P21;12514;8078;36;;8042;4558;1399;1421;249;124;32;179;76;4
Borculo;G0211;11307;Gelderland;P25;7215;4711;44;;4667;1880;1231;1182;139;49;38;94;39;15
Borger;G0108;10448;Drenthe;P22;9159;5900;41;;5859;3079;1158;1033;225;172;41;100;44;7
Born;G0897;10927;Limburg;P31;9736;4536;19;;4517;1399;2117;465;176;26;66;85;92;91
Borne;G0147;10326;Overijssel;P23;13404;8321;5;;8316;2605;3961;1086;218;94;60;166;93;33
Borsele;G0654;10043;Zeeland;P29;13867;7272;29;;7243;1582;2722;1214;250;1144;116;115;75;25
Boskoop;G0499;10419;Zuid-Holland;P28;9890;5865;39;;5826;1107;2065;1465;348;475;112;136;92;26
Boxmeer;G0756;11227;Noord-Brabant;P30;9937;5705;43;;5662;1713;2708;707;254;23;68;112;57;20
Boxtel;G0757;10083;Noord-Brabant;P30;17020;7572;47;;7525;2368;3219;1058;372;40;113;202;96;57
Brakel;G0212;11125;Gelderland;P25;4356;2235;15;;2220;668;544;212;33;693;21;28;13;8
Brandwijk;G0500;10169;Zuid-Holland;P28;786;511;1;;510;104;186;87;9;118;2;3;1;
Breda;G0758;10154;Noord-Brabant;P30;90989;40669;332;;40337;13316;12774;8364;2423;347;1371;1016;508;218
Brederwiede;G0194;11088;Overijssel;P23;8412;5174;23;;5151;1627;1782;682;141;721;32;137;24;5
Breukelen;G0311;10807;Utrecht;P26;7790;4384;28;;4356;809;1268;1376;207;389;73;167;51;16
Briefstemmen;G9999;;Niet-provinciaal ingedeeld;P99;16749;14069;228;;13841;2800;3120;5600;748;158;146;380;841;48
Brielle;G0501;10232;Zuid-Holland;P28;10990;5968;33;;5935;2184;1133;1760;222;127;187;195;108;19
Broek in Waterland;G0380;10289;Noord-Holland;P27;2000;1186;10;;1176;382;217;384;67;25;39;39;20;3
Broekhuizen;G0898;10856;Limburg;P31;1266;667;1;;666;105;386;117;36;4;2;4;4;8
Brouwershaven;G0656;10030;Zeeland;P29;2703;1641;9;;1632;700;242;392;53;156;18;47;22;2
Bruinisse;G0657;11291;Zeeland;P29;2330;1183;9;;1174;336;283;235;28;239;17;20;10;6
Brummen;G0213;10798;Gelderland;P25;14340;8410;61;;8349;4162;1685;1650;300;123;116;199;98;16
Brunssum;G0899;10533;Limburg;P31;22523;9682;119;;9563;4068;3349;877;434;122;194;186;141;192
Budel;G0759;10219;Noord-Brabant;P30;8151;3288;24;;3264;880;1746;401;76;11;43;46;40;21
Bunnik;G0312;10820;Utrecht;P26;9516;5977;37;;5940;1206;2136;1643;389;190;62;212;90;12
Bunschoten;G0313;11343;Utrecht;P26;11212;7338;40;;7298;518;2086;741;68;3658;107;67;32;21
Buren;G0214;11286;Gelderland;P25;6541;3687;17;;3670;1456;706;1023;131;155;81;73;37;8
Bussum;G0381;10281;Noord-Holland;P27;26140;14025;26;;13999;3400;3537;4956;904;408;221;380;147;46
Callantsoog;G0382;10559;Noord-Holland;P27;1845;1084;5;;1079;381;159;425;49;7;22;22;13;1
Capelle aan den IJssel;G0502;11248;Zuid-Holland;P28;39146;17484;109;;17375;6640;2422;3906;772;1788;927;709;173;38
Castricum;G0383;11287;Noord-Holland;P27;16823;9977;78;;9899;2583;2774;2837;900;78;173;367;157;30
Chaam;G0760;11433;Noord-Brabant;P30;2619;1412;10;;1402;325;724;246;35;2;21;23;24;2
Coevorden;G0109;10383;Drenthe;P22;10182;5860;2;;5858;2574;1958;847;162;112;51;93;47;14
Cothen;G0314;11316;Utrecht;P26;1630;945;3;;942;161;529;163;30;25;8;13;10;3
Cromstrijen;G0611;11346;Zuid-Holland;P28;8232;4175;15;;4160;1781;892;862;111;342;64;60;39;9
Cuijk en Sint Agatha;G0761;10023;Noord-Brabant;P30;11330;5628;48;;5580;1900;2192;761;347;13;134;148;64;21
Culemborg;G0216;10342;Gelderland;P25;13682;6641;12;;6629;2491;1762;1284;454;190;201;141;75;31
Dalen;G0110;11004;Drenthe;P22;3999;2510;16;;2494;1057;478;787;54;20;20;60;10;8
Dalfsen;G0148;11007;Overijssel;P23;10182;6879;35;;6844;1086;3609;982;106;830;42;114;63;12
Dantumadeel;G0065;10650;Fryslân;P21;13003;7601;74;;7527;2532;2729;600;185;1269;41;90;57;24
De Bilt;G0310;10168;Utrecht;P26;24293;15128;75;;15053;3634;3489;5345;793;745;206;608;196;37
De Lier;G0552;10241;Zuid-Holland;P28;6498;4017;24;;3993;449;2110;936;84;211;78;73;40;12
De Wijk;G0135;10753;Drenthe;P22;3431;2099;7;;2092;698;516;667;72;51;27;39;19;3
Delft;G0503;10928;Zuid-Holland;P28;66815;33088;255;;32833;11943;7561;6163;3298;1247;928;1093;491;109
Delfzijl;G0010;10976;Groningen;P20;17953;8647;66;;8581;4228;1599;1298;532;435;207;188;82;12
Den Dungen;G0768;10491;Noord-Brabant;P30;2977;1596;18;;1578;434;896;147;48;2;11;23;10;7
Den Ham;G0159;10395;Overijssel;P23;9781;5825;47;;5778;1384;2972;442;83;778;24;46;22;27
Den Helder;G0400;10285;Noord-Holland;P27;47051;20262;170;;20092;6960;4212;5841;829;857;598;514;207;74
Denekamp;G0149;10245;Overijssel;P23;8555;5341;40;;5301;968;3604;510;72;18;38;48;34;9
Deurne;G0762;10379;Noord-Brabant;P30;19985;8930;87;;8843;2039;4737;1164;453;26;134;144;97;49
Deventer;G0150;10899;Overijssel;P23;46981;24021;204;;23817;11860;4592;3997;1662;435;362;545;272;92
Didam;G0218;10153;Gelderland;P25;10915;5564;54;;5510;1626;2861;557;163;16;93;106;41;47
Diemen;G0384;11039;Noord-Holland;P27;12608;6361;65;;6296;2241;1153;1416;634;107;364;261;89;31
Diepenheim;G0151;10311;Overijssel;P23;200;1391;10;;1381;594;294;367;43;9;10;36;25;3
Diepenveen;G0152;10933;Overijssel;P23;7649;5051;36;;5015;1226;2194;1166;132;54;43;132;46;22
Diessen;G0763;11185;Noord-Brabant;P30;2523;1467;7;;1460;195;1020;147;45;2;10;13;16;12
Diever;G0111;10418;Drenthe;P22;2555;1748;12;;1736;731;455;388;52;40;19;31;19;1
Dinteloord en Prinsenland;G0764;11193;Noord-Brabant;P30;4090;2124;18;;2106;745;646;365;42;214;39;25;25;5
Dinxperlo;G0219;11154;Gelderland;P25;5469;2851;21;;2830;683;1576;415;25;51;26;15;25;14
Dirksland;G0504;11344;Zuid-Holland;P28;5087;2862;23;;2839;821;527;382;59;946;47;27;18;12
Dodewaard;G0220;10647;Gelderland;P25;2761;1448;7;;1441;588;380;216;25;181;20;13;13;5
Doesburg;G0221;10327;Gelderland;P25;7333;4124;31;;4093;1983;1014;614;171;101;65;79;41;25
Doetinchem;G0222;10396;Gelderland;P25;29038;15239;83;;15156;5979;4660;2566;744;415;219;362;159;52
Domburg;G0660;10236;Zeeland;P29;2908;1780;3;;1777;385;524;439;33;315;27;32;18;4
Dongen;G0766;11412;Noord-Brabant;P30;14584;6634;12;;6622;2035;2826;1038;296;46;84;172;59;66
Dongeradeel;G0058;10198;Fryslân;P21;17351;10826;79;;10747;2466;5903;967;292;874;51;83;82;29
Doorn;G0315;10213;Utrecht;P26;8108;4825;41;;4784;932;1157;1860;182;364;77;150;47;15
Dordrecht;G0505;11157;Zuid-Holland;P28;78673;35381;224;;35157;14526;7248;6537;1925;2384;1271;822;338;106
Drechterland;G0498;10642;Noord-Holland;P27;5839;3060;12;;3048;721;1298;559;177;32;74;74;64;49
Driebergen-Rijsenburg;G0316;10777;Utrecht;P26;13088;7842;46;;7796;1701;2159;2270;394;729;126;246;144;27
Driebruggen;G0506;10830;Zuid-Holland;P28;2803;1717;8;;1709;195;754;294;41;347;35;24;14;5
Dronten;G0303;10210;Niet-provinciaal ingedeeld;P99;14647;8852;52;;8800;2151;2995;2100;365;733;161;181;96;18
Drunen;G0767;10428;Noord-Brabant;P30;10943;5442;41;;5401;1438;2473;845;217;26;145;137;85;35
Druten;G0225;10068;Gelderland;P25;9888;4254;39;;4215;1504;1875;472;172;27;54;59;37;15
Duiveland;G0662;11237;Zeeland;P29;3681;2039;6;;2033;636;349;371;25;593;18;19;19;3
Duiven;G0226;11028;Gelderland;P25;7835;3816;22;;3794;1047;1722;622;157;23;48;83;62;30
Dussen;G0769;10261;Noord-Brabant;P30;4202;2272;17;;2255;561;1081;287;65;151;42;46;15;7
Dwingeloo;G0112;10331;Drenthe;P22;2727;1886;14;;1872;768;441;508;62;21;14;40;16;2
Echt;G0902;10941;Limburg;P31;12881;5750;182;;5568;1830;2411;700;222;21;98;96;89;101
Echteld;G0227;10832;Gelderland;P25;4371;2637;8;;2629;1158;497;493;35;371;31;24;13;7
Edam-Volendam;G0385;10884;Noord-Holland;P27;16379;8141;56;;8085;2229;3579;1537;271;26;218;94;80;51
Ede;G0228;10743;Gelderland;P25;61149;31532;154;;31378;6040;9666;7423;1098;5381;603;708;364;95
Eelde;G0113;10622;Drenthe;P22;7583;4917;34;;4883;1859;741;1674;186;56;73;242;42;10
Eemnes;G0317;10248;Utrecht;P26;4831;2799;23;;2776;638;947;756;159;121;32;78;36;9
Eenrum;G0011;10904;Groningen;P20;1778;1189;3;;1186;680;120;223;70;55;6;20;12;
Eersel;G0770;10741;Noord-Brabant;P30;8378;4310;33;;4277;847;2246;745;204;15;35;99;56;30
Egmond;G0357;10421;Noord-Holland;P27;7994;4213;34;;4179;1449;1311;901;216;46;122;58;65;11
Eibergen;G0229;10436;Gelderland;P25;11515;7427;24;;7403;2278;3691;872;277;65;36;97;52;35
Eijsden;G0905;10314;Limburg;P31;7920;3796;45;;3751;1135;1572;688;131;4;43;50;74;54
Eindhoven;G0772;11298;Noord-Brabant;P30;144854;63583;588;;62995;20727;21686;10488;4341;761;1911;1655;1080;346
Elburg;G0230;11113;Gelderland;P25;13403;7486;40;;7446;1136;2018;1361;133;2550;96;87;43;22
Elst;G0231;11188;Gelderland;P25;12147;5676;6;;5670;1646;2495;958;260;81;54;126;33;17
Emmen;G0114;11180;Drenthe;P22;66622;37610;282;;37328;19959;9349;3827;1650;1216;369;537;316;105
Enkhuizen;G0388;10729;Noord-Holland;P27;11218;6109;46;;6063;2376;1423;1045;469;351;133;155;90;21
Enschede;G0153;10364;Overijssel;P23;104546;50972;88;;50884;23432;11179;8405;3023;2650;577;1076;426;116
Epe;G0232;10940;Gelderland;P25;23998;14216;81;;14135;4830;3623;3365;360;1258;242;287;126;44
Ermelo;G0233;10732;Gelderland;P25;17245;9906;45;;9861;1146;3787;2481;361;1638;159;154;114;21
Erp;G0775;10385;Noord-Brabant;P30;4111;2512;9;;2503;329;1821;251;40;;14;28;10;10
Esch;G0776;10709;Noord-Brabant;P30;1302;761;9;;752;143;490;61;30;2;3;11;7;5
Etten-Leur;G0777;10750;Noord-Brabant;P30;21475;9537;83;;9454;3145;3630;1579;482;65;181;209;133;30
Everdingen;G0508;10638;Zuid-Holland;P28;1331;719;4;;715;125;249;164;22;126;14;7;7;1
Ezinge;G0012;10136;Groningen;P20;1296;888;7;;881;362;250;145;51;37;3;14;17;2
Ferwerderadeel;G0068;11284;Fryslân;P21;6363;3849;18;;3831;939;1899;464;85;358;18;34;25;9
Fijnaart en Heijningen;G0778;10206;Noord-Brabant;P30;4507;2459;18;;2441;890;925;371;66;63;73;30;15;8
Finsterwolde;G0013;10212;Groningen;P20;2099;1551;14;;1537;631;55;146;660;13;10;5;10;7
Franekeradeel;G0070;10404;Fryslân;P21;14908;8618;57;;8561;3175;3229;1329;223;344;61;106;69;25
Gaasterland;G0071;10036;Fryslân;P21;6373;3728;31;;3697;760;1983;503;89;230;24;45;50;13
Gasselte;G0115;11099;Drenthe;P22;3108;1977;13;;1964;1121;272;380;85;34;14;31;23;4
Geertruidenberg;G0779;10101;Noord-Brabant;P30;4734;2189;24;;2165;858;730;348;54;21;65;40;33;16
Geffen;G0780;10370;Noord-Brabant;P30;3229;1793;39;;1754;502;921;179;52;2;55;25;15;3
Geldermalsen;G0236;10881;Gelderland;P25;14844;8363;34;;8329;2851;2266;1834;235;754;160;149;67;13
Geldrop;G0781;10529;Noord-Brabant;P30;19047;8551;53;;8498;2454;3148;1679;495;70;190;266;150;46
Geleen;G0906;10048;Limburg;P31;26209;12425;169;;12256;4588;4464;1515;784;72;276;210;193;154
Gemert;G0782;10277;Noord-Brabant;P30;11890;5709;46;;5663;1632;2915;620;231;20;80;101;41;23
Gendringen;G0237;10260;Gelderland;P25;14017;7924;61;;7863;2194;4262;767;231;68;90;130;98;23
Gendt;G0238;10440;Gelderland;P25;4861;2424;9;;2415;853;1085;291;73;7;18;49;30;9
Genemuiden;G0154;10746;Overijssel;P23;4513;2384;9;;2375;458;548;232;21;1072;14;15;15;
Gennep;G0907;10542;Limburg;P31;11369;5103;63;;5040;1433;2160;679;271;15;63;332;63;24
Giessenburg;G0510;10255;Zuid-Holland;P28;3096;1942;11;;1931;395;637;387;28;381;35;39;14;15
Gieten;G0116;10506;Drenthe;P22;4224;2573;22;;2551;1346;286;718;85;23;19;49;20;5
Gilze en Rijen;G0784;11375;Noord-Brabant;P30;14978;7667;51;;7616;2300;3286;1288;258;44;174;140;81;45
Goedereede;G0511;10981;Zuid-Holland;P28;7383;4192;33;;4159;884;716;598;57;1767;48;40;26;23
Goes;G0664;10674;Zeeland;P29;23078;11615;71;;11544;3621;3313;1993;543;1504;181;226;132;31
Goirle;G0785;10971;Noord-Brabant;P30;12371;6113;45;;6068;1994;2226;1052;375;25;109;171;82;34
Goor;G0156;10076;Overijssel;P23;8532;5459;29;;5430;2480;1465;960;143;96;56;166;53;11
Gorinchem;G0512;10942;Zuid-Holland;P28;19434;10582;72;;10510;4940;1950;1674;441;659;456;207;140;43
Gorssel;G0239;10085;Gelderland;P25;10753;6804;29;;6775;1804;2061;2222;230;109;57;193;80;19
Gouda;G0513;10302;Zuid-Holland;P28;42463;21356;140;;21216;8021;4477;3942;1272;1563;926;609;328;78
Gouderak;G0514;11258;Zuid-Holland;P28;1827;1056;6;;1050;311;199;242;32;191;34;24;10;7
Goudriaan;G0515;10450;Zuid-Holland;P28;541;360;3;;357;51;138;67;7;88;2;2;1;1
Graft-De Rijp;G0365;11417;Noord-Holland;P27;3792;2331;11;;2320;749;593;648;212;7;41;38;27;5
Gramsbergen;G0157;11339;Overijssel;P23;4203;2794;20;;2774;882;1319;273;44;182;13;35;20;6
Grathem;G0909;11008;Limburg;P31;2054;982;10;;972;157;619;121;21;2;18;13;12;9
Grave;G0786;10165;Noord-Brabant;P30;7200;3447;34;;3413;923;1471;622;199;14;69;50;46;19
Grijpskerk;G0016;10244;Groningen;P20;3026;2046;14;;2032;400;1028;257;51;239;6;33;13;5
Groenlo;G0240;11094;Gelderland;P25;6102;3289;3;;3286;895;1779;368;107;10;38;43;26;20
Groesbeek;G0241;10616;Gelderland;P25;13595;6729;76;;6653;2589;2597;774;344;36;85;118;62;48
Groningen;G0014;10426;Groningen;P20;134807;70241;519;;69722;31033;10227;10751;8640;4958;845;1943;1182;143
Groot-Ammers;G0520;11205;Zuid-Holland;P28;2105;1316;7;;1309;253;342;237;31;394;16;18;15;3
Grootegast;G0015;11080;Groningen;P20;6174;3696;28;;3668;858;1900;319;80;409;21;28;38;15
Grubbenvorst;G0912;10176;Limburg;P31;4678;2277;20;;2257;477;1162;431;90;9;20;39;24;5
Gulpen;G0913;11032;Limburg;P31;5266;2770;29;;2741;866;1225;361;81;13;34;42;49;70
Haaksbergen;G0158;11435;Overijssel;P23;15278;9046;52;;8994;2412;4599;1337;234;54;94;172;58;34
Haaren;G0788;11155;Noord-Brabant;P30;3542;2062;14;;2048;356;1225;285;91;6;21;25;27;12
Haarlem;G0392;10357;Noord-Holland;P27;117323;58450;265;;58185;23016;13199;11841;4883;1066;1566;1443;904;267
Haarlemmerliede en Spaarnwoude;G0393;10508;Noord-Holland;P27;3485;1905;7;;1898;453;707;473;103;41;38;48;27;8
Haarlemmermeer;G0394;11387;Noord-Holland;P27;60002;30637;223;;30414;7666;8498;9117;1643;1243;811;886;443;107
Haastrecht;G0521;11049;Zuid-Holland;P28;3068;1819;18;;1801;389;751;363;86;116;28;28;37;3
Haelen;G0914;10321;Limburg;P31;4260;1891;23;;1868;405;971;287;80;5;25;49;23;23
Hagestein;G0522;10297;Zuid-Holland;P28;964;539;6;;533;89;213;104;15;80;14;13;2;3
Halsteren;G0789;10387;Noord-Brabant;P30;9142;4267;38;;4229;1512;1350;857;157;53;135;88;54;23
Haps;G0790;11283;Noord-Brabant;P30;1957;1162;13;;1149;230;742;101;36;1;9;20;7;3
Hardenberg;G0160;10174;Overijssel;P23;21608;14558;109;;14449;3333;6317;1335;260;2880;66;151;82;25
Harderwijk;G0243;10786;Gelderland;P25;22562;12360;58;;12302;2102;4348;2659;459;2133;214;243;113;31
Hardinxveld-Giessendam;G0523;10167;Zuid-Holland;P28;11187;6165;35;;6130;1687;1153;793;107;2165;96;74;36;19
Haren;G0017;11058;Groningen;P20;14224;9506;45;;9461;2504;2323;3137;373;520;84;387;118;15
Harenkarspel;G0395;10963;Noord-Holland;P27;4136;2132;9;;2123;473;1048;389;88;25;38;31;30;1
Harlingen;G0072;10909;Fryslân;P21;11587;6390;40;;6350;3062;1447;988;176;394;60;133;66;24
Harmelen;G0318;10183;Utrecht;P26;5326;3045;12;;3033;534;1191;841;137;128;48;74;63;17
Hasselt;G0161;10115;Overijssel;P23;4233;2670;19;;2651;566;791;326;55;840;14;37;16;6
Hattem;G0244;10673;Gelderland;P25;8168;5527;22;;5505;1753;1540;817;106;1063;47;127;46;6
Havelte;G0117;10186;Drenthe;P22;4338;2684;13;;2671;1266;252;911;85;26;29;63;32;7
Hazerswoude;G0524;11257;Zuid-Holland;P28;7722;4385;41;;4344;828;1799;972;187;322;54;96;69;17
Hedel;G0245;10982;Gelderland;P25;2580;1364;5;;1359;394;502;202;41;156;25;17;18;4
Heel en Panheel;G0915;11208;Limburg;P31;3351;1092;12;;1080;230;527;185;70;4;5;29;17;13
Heemskerk;G0396;10679;Noord-Holland;P27;22503;11302;89;;11213;4067;3360;1917;904;186;214;263;242;60
Heemstede;G0397;11288;Noord-Holland;P27;19945;12493;88;;12405;2441;3443;5019;545;212;207;334;161;43
Heerde;G0246;10291;Gelderland;P25;12661;7931;31;;7900;2584;2442;1123;135;1369;66;124;38;19
Heerenveen;G0074;10680;Fryslân;P21;27351;15819;81;;15738;7736;3337;2560;1017;445;151;328;136;28
Heerewaarden;G0247;10067;Gelderland;P25;856;579;2;;577;326;63;144;15;8;8;4;5;4
Heerhugowaard;G0398;10752;Noord-Holland;P27;21950;10910;10;;10900;3385;3411;2377;775;155;173;316;270;38
Heerjansdam;G0526;10540;Zuid-Holland;P28;2474;1288;8;;1280;426;395;256;37;80;41;32;13;
Heerlen;G0917;10902;Limburg;P31;70794;29896;289;;29607;11627;9903;3300;1718;181;777;507;679;915
Heesch;G0791;10149;Noord-Brabant;P30;7022;3534;29;;3505;959;1821;438;88;5;46;77;55;16
Heeswijk-Dinther;G0792;10690;Noord-Brabant;P30;5484;3146;27;;3119;542;2063;294;125;5;27;41;20;2
Heeze;G0793;10462;Noord-Brabant;P30;6195;2940;16;;2924;604;1428;608;109;8;35;68;48;16
Hefshuizen;G0019;10246;Groningen;P20;7819;5251;23;;5228;1749;1840;619;137;778;25;40;32;8
Hei- en Boeicop;G0527;11024;Zuid-Holland;P28;658;446;1;;445;57;181;58;10;124;5;5;5;
Heiloo;G0399;10793;Noord-Holland;P27;15427;9509;65;;9444;2258;2680;3148;531;110;146;349;195;27
Heino;G0162;10854;Overijssel;P23;4708;2980;18;;2962;612;1607;374;98;172;21;53;19;6
Helden;G0918;10205;Limburg;P31;11816;5070;49;;5021;1013;2926;703;164;11;47;55;74;28
Hellendoorn;G0163;10806;Overijssel;P23;23614;14173;57;;14116;2867;8112;1389;259;1055;133;159;84;58
Hellevoetsluis;G0530;11078;Zuid-Holland;P28;20600;8829;56;;8773;4165;1015;1919;577;228;399;271;167;32
Helmond;G0794;10932;Noord-Brabant;P30;43069;17355;84;;17271;6862;6202;2246;813;67;559;269;185;68
Helvoirt;G0795;10389;Noord-Brabant;P30;3185;1861;13;;1848;363;934;372;54;10;27;51;19;18
Hendrik-Ido-Ambacht;G0531;10416;Zuid-Holland;P28;12667;5989;6;;5983;1723;1412;1410;229;912;104;122;52;19
Hengelo;G0248;10359;Gelderland;P25;5956;3423;22;;3401;810;1804;575;51;54;23;43;28;13
Hengelo;G0164;10907;Overijssel;P23;55503;31920;253;;31667;12532;9899;4659;1851;793;608;810;410;105
Herten;G0919;10138;Limburg;P31;2516;1154;8;;1146;256;555;209;38;;24;18;30;16
Herwen en Aerdt;G0249;10819;Gelderland;P25;5827;2852;17;;2835;1140;1164;334;71;11;31;40;30;14
Herwijnen;G0250;11266;Gelderland;P25;1668;1147;6;;1141;426;436;118;29;102;15;6;8;1
Het Bildt;G0063;10128;Fryslân;P21;7344;4549;27;;4522;1689;1834;609;158;110;28;40;47;7
Heteren;G0251;10290;Gelderland;P25;5771;3059;17;;3042;817;1315;469;110;215;29;50;30;7
Heukelum;G0533;11308;Zuid-Holland;P28;1939;1109;6;;1103;461;277;213;18;75;20;21;14;4
Heumen;G0252;10600;Gelderland;P25;8300;4612;3;;4609;1161;2102;848;239;12;45;105;72;25
Heusden;G0797;10307;Noord-Brabant;P30;3797;1752;6;;1746;471;687;280;83;76;75;43;22;9
Heythuysen;G0920;10840;Limburg;P31;4188;1958;18;;1940;393;1098;285;69;5;16;36;22;16
Hillegom;G0534;11236;Zuid-Holland;P28;14160;7558;53;;7505;1823;2893;1918;378;108;110;161;89;25
Hilvarenbeek;G0798;11297;Noord-Brabant;P30;6466;3457;41;;3416;943;1679;528;111;14;50;59;21;11
Hilversum;G0402;11285;Noord-Holland;P27;68242;35158;202;;34956;11659;8159;9387;2030;1217;965;955;456;128
Hoevelaken;G0253;11358;Gelderland;P25;5364;3184;32;;3152;649;897;844;99;487;34;102;29;11
Hoeven;G0799;10065;Noord-Brabant;P30;5467;2386;23;;2363;661;987;521;53;21;54;40;17;9
Holten;G0165;11246;Overijssel;P23;6323;4409;25;;4384;1285;1611;1118;78;101;28;111;42;10
Hontenisse;G0675;11123;Zeeland;P29;5685;2598;21;;2577;698;1306;343;79;23;40;61;20;7
Hoogblokland;G0535;11040;Zuid-Holland;P28;994;703;2;;701;216;189;190;14;69;8;9;4;2
Hooge en Lage Mierde;G0801;10476;Noord-Brabant;P30;2589;1379;8;;1371;174;962;147;42;4;12;12;17;1
Hooge en Lage Zwaluwe;G0802;11318;Noord-Brabant;P30;4340;2246;9;;2237;737;891;384;76;51;33;35;18;12
Hoogeloon, Hapert en Casteren;G0800;10657;Noord-Brabant;P30;5586;2702;29;;2673;508;1571;420;69;9;27;37;22;10
Hoogeveen;G0118;10839;Drenthe;P22;31366;18012;138;;17874;6045;6660;2047;737;1662;218;332;121;52
Hoogezand-Sappemeer;G0018;10410;Groningen;P20;24889;12277;82;;12195;6703;1669;1841;884;505;223;193;138;39
Hoorn;G0405;11392;Noord-Holland;P27;35597;17402;145;;17257;7031;3576;3281;1658;201;609;476;331;94
Hoornaar;G0536;10516;Zuid-Holland;P28;1050;736;3;;733;208;186;212;16;84;12;12;2;1
Horn;G0922;11176;Limburg;P31;2834;1282;21;;1261;340;590;199;45;3;31;16;32;5
Horst;G0923;11108;Limburg;P31;3847;1821;22;;1799;328;1077;215;70;3;29;37;21;19
Houten;G0321;10230;Utrecht;P26;10712;6022;24;;5998;1356;2271;1233;327;422;129;150;97;13
Huijbergen;G0803;10466;Noord-Brabant;P30;1419;777;3;;774;161;370;178;13;5;22;17;4;4
Huissen;G0255;11047;Gelderland;P25;10646;5231;37;;5194;1542;2119;952;254;38;66;116;77;30
Huizen;G0406;11170;Noord-Holland;P27;25207;13493;87;;13406;3254;3349;3554;680;1615;271;402;231;50
Hulst;G0677;11408;Zeeland;P29;12828;5173;55;;5118;1725;2031;882;180;28;92;87;65;28
Hummelo en Keppel;G0256;11235;Gelderland;P25;3201;2041;6;;2035;639;600;627;40;22;10;66;30;1
Hunsel;G0925;10784;Limburg;P31;12341;5873;46;;5827;1169;3516;708;234;13;38;59;54;36
IJsselham;G0195;10858;Overijssel;P23;3738;2375;15;;2360;767;967;383;57;133;10;20;19;4
IJsselmuiden;G0191;10641;Overijssel;P23;7949;5124;50;;5074;598;1768;391;80;2134;43;35;17;8
IJsselstein;G0353;10152;Utrecht;P26;11752;6217;56;;6161;1847;2002;1237;283;392;150;145;83;22
Ilpendam;G0407;10809;Noord-Holland;P27;2362;1316;16;;1300;404;394;258;106;25;51;37;22;3
Jisp;G0408;10481;Noord-Holland;P27;705;395;5;;390;166;54;95;41;;8;16;9;1
Kamerik;G0323;10554;Utrecht;P26;2494;1568;9;;1559;198;699;230;56;300;22;31;19;4
Kampen;G0166;10253;Overijssel;P23;22775;13720;110;;13610;3906;3623;1395;735;3374;247;168;126;36
Kantens;G0020;10372;Groningen;P20;1305;914;6;;908;372;164;147;61;129;14;6;11;4
Kapelle;G0678;11223;Zeeland;P29;7023;3620;14;;3606;886;1194;688;118;489;97;79;45;10
Katwijk;G0537;10707;Zuid-Holland;P28;27014;13320;121;;13199;2254;4521;1942;333;3504;247;216;119;63
Katwoude;G0409;11136;Noord-Holland;P27;192;121;0;;121;26;49;33;3;6;1;3;;
Kedichem;G0538;10280;Zuid-Holland;P28;914;578;1;;577;163;107;211;8;40;28;11;6;3
Kerkrade;G0928;10313;Limburg;P31;39151;15587;272;;15315;7300;4725;1238;625;67;404;237;367;352
Kerkwijk;G0257;10791;Gelderland;P25;4024;2127;26;;2101;387;566;310;45;725;12;33;16;7
Kessel;G0929;10890;Limburg;P31;2712;1339;15;;1324;295;721;224;38;2;7;21;12;4
Kesteren;G0258;10916;Gelderland;P25;5883;2794;8;;2786;1005;529;422;66;666;31;35;26;6
Kloosterburen;G0021;10628;Groningen;P20;1287;832;5;;827;254;378;124;25;18;4;14;8;2
Klundert;G0804;10656;Noord-Brabant;P30;4612;2554;19;;2535;600;1140;389;52;259;35;31;16;13
Kockengen;G0324;10765;Utrecht;P26;2143;1302;9;;1293;171;611;195;39;217;24;22;9;5
Kollumerland en Nieuwkruisland;G0079;10984;Fryslân;P21;8632;4963;38;;4925;1120;2634;539;107;392;29;46;45;13
Korendijk;G0588;10914;Zuid-Holland;P28;6858;3499;19;;3480;1055;660;760;84;757;91;49;22;2
Kortgene;G0682;10250;Zeeland;P29;2716;1617;7;;1610;605;393;368;37;137;30;29;11;
Koudekerk aan den Rijn;G0540;10029;Zuid-Holland;P28;3062;1721;4;;1717;361;630;427;99;80;28;49;31;12
Krimpen aan de Lek;G0541;10617;Zuid-Holland;P28;4525;2440;21;;2419;1019;431;445;89;274;66;71;20;4
Krimpen aan den IJssel;G0542;10859;Zuid-Holland;P28;19598;10738;77;;10661;3778;1630;2518;411;1559;338;277;131;19
Landgraaf;G0882;11335;Limburg;P31;29360;12757;170;;12587;5461;3925;1342;643;68;330;192;354;272
Landsmeer;G0415;11225;Noord-Holland;P27;6362;3649;25;;3624;1544;449;823;456;64;98;124;57;9
Langbroek;G0325;11413;Utrecht;P26;1381;834;0;;834;164;288;136;25;200;9;5;2;5
Langedijk;G0416;10955;Noord-Holland;P27;9404;5092;42;;5050;1363;1829;1030;332;197;80;118;90;11
Langerak;G0543;11127;Zuid-Holland;P28;1373;850;7;;843;188;220;103;8;291;8;12;8;5
Laren;G0417;10649;Noord-Holland;P27;9717;5372;12;;5360;1060;1376;2224;304;76;71;161;67;21
Leek;G0022;10604;Groningen;P20;12146;7020;39;;6981;2715;1840;1142;299;678;96;116;75;20
Leende;G0805;11017;Noord-Brabant;P30;2951;1688;11;;1677;158;1072;324;41;5;16;39;12;10
Leens;G0023;11050;Groningen;P20;2659;1749;8;;1741;583;502;220;88;304;17;9;18;
Leerbroek;G0544;10465;Zuid-Holland;P28;885;403;3;;400;48;127;58;10;143;4;5;4;1
Leerdam;G0545;10685;Zuid-Holland;P28;10702;5905;32;;5873;2205;1243;926;127;964;257;104;33;14
Leersum;G0326;11142;Utrecht;P26;4754;2912;20;;2892;683;725;989;80;225;45;99;36;10
Leeuwarden;G0080;11228;Fryslân;P21;65000;34639;259;;34380;16950;7848;4891;2083;1235;388;585;311;89
Leeuwarderadeel;G0081;10851;Fryslân;P21;6193;3881;22;;3859;1819;1098;529;124;134;19;95;31;10
Leiden;G0546;10702;Zuid-Holland;P28;80059;39297;320;;38977;16100;7057;8218;3793;890;940;1287;587;105
Leiderdorp;G0547;10058;Zuid-Holland;P28;15478;8659;72;;8587;2267;2181;2651;513;279;178;362;136;20
Leidschendam;G0548;10742;Zuid-Holland;P28;23163;12533;133;;12400;2818;4446;3328;597;215;349;388;203;56
Leimuiden;G0549;11351;Zuid-Holland;P28;3177;1782;21;;1761;290;783;472;61;41;36;44;22;12
Lekkerkerk;G0550;10050;Zuid-Holland;P28;5516;3311;38;;3273;1360;466;843;104;308;74;68;47;3
Lelystad;G0995;11110;Niet-provinciaal ingedeeld;P99;36360;16783;129;;16654;7526;2647;2713;1480;582;812;567;266;61
Lemsterland;G0082;10142;Fryslân;P21;7774;4655;29;;4626;1860;1495;633;228;220;62;84;33;11
Leusden;G0327;10978;Utrecht;P26;17008;9741;57;;9684;1950;3089;2786;424;821;108;366;112;28
Lexmond;G0551;10930;Zuid-Holland;P28;1850;1315;7;;1308;326;466;194;29;259;11;14;5;4
Lichtenvoorde;G0260;10242;Gelderland;P25;12219;7250;56;;7194;1391;4393;888;223;26;56;100;69;48
Liempde;G0806;10390;Noord-Brabant;P30;2855;1652;15;;1637;408;988;130;43;7;10;30;18;3
Lienden;G0261;11093;Gelderland;P25;4552;2501;9;;2492;1151;442;497;53;253;37;27;23;9
Lieshout;G0807;10637;Noord-Brabant;P30;3993;2085;14;;2071;503;1144;241;80;11;28;37;20;7
Limmen;G0418;11370;Noord-Holland;P27;3704;2067;14;;2053;439;888;513;102;16;24;31;31;9
Linne;G0932;10990;Limburg;P31;2893;1252;17;;1235;340;570;215;37;4;13;19;22;15
Linschoten;G0328;11324;Utrecht;P26;2939;1645;10;;1635;257;627;370;69;222;26;39;20;5
Lisse;G0553;10197;Zuid-Holland;P28;14247;7988;60;;7928;1466;2991;1897;396;754;125;186;79;34
Lith;G0808;11219;Noord-Brabant;P30;4111;1831;20;;1811;430;1026;221;40;6;24;38;22;4
Littenseradeel;G0103;10422;Fryslân;P21;6908;4161;23;;4138;1338;1543;885;149;79;21;56;60;7
Lochem;G0262;11263;Gelderland;P25;13378;8047;43;;8004;2827;1914;2323;416;103;77;216;101;27
Loenen;G0329;11202;Utrecht;P26;5145;2923;12;;2911;681;897;845;137;168;63;82;32;6
Loon op Zand;G0809;11259;Noord-Brabant;P30;14442;7110;45;;7065;1937;3149;1259;289;91;123;134;70;13
Loosdrecht;G0330;10639;Utrecht;P26;6303;3619;14;;3605;661;1002;1471;122;163;43;101;31;11
Lopik;G0331;10333;Utrecht;P26;5286;2966;19;;2947;679;1203;417;56;462;61;27;27;15
Loppersum;G0024;10934;Groningen;P20;2776;1849;14;;1835;654;608;240;83;176;13;38;20;3
Losser;G0168;11166;Overijssel;P23;15544;8243;67;;8176;2297;4328;893;272;52;106;112;82;34
Luyksgestel;G0810;10011;Noord-Brabant;P30;1849;905;7;;898;198;510;111;27;4;13;18;12;5
Maarheeze;G0811;11143;Noord-Brabant;P30;6024;2813;13;;2800;463;1587;527;80;8;34;48;40;13
Maarn;G0332;10392;Utrecht;P26;4327;2984;16;;2968;612;731;1142;95;173;52;124;35;4
Maarssen;G0333;10191;Utrecht;P26;22801;11944;71;;11873;3792;2959;3219;561;494;205;420;181;42
Maartensdijk;G0334;10691;Utrecht;P26;6593;3979;31;;3948;782;1022;1146;152;594;59;139;43;11
Maasbracht;G0933;10964;Limburg;P31;5933;2295;48;;2247;672;996;319;62;35;40;37;36;50
Maasbree;G0934;11352;Limburg;P31;7679;3492;33;;3459;535;2064;585;136;10;40;46;33;10
Maasdriel;G0263;10341;Gelderland;P25;5954;2859;22;;2837;665;1479;459;70;32;51;26;28;27
Maasland;G0555;10393;Zuid-Holland;P28;4221;2690;12;;2678;327;1371;678;55;120;47;41;31;8
Maassluis;G0556;10880;Zuid-Holland;P28;22632;10911;78;;10833;3635;2834;2262;515;590;485;295;167;50
Maastricht;G0935;10182;Limburg;P31;87071;37093;247;;36846;15978;10582;5052;2307;133;872;744;764;414
Made en Drimmelen;G0812;10258;Noord-Brabant;P30;8534;4348;44;;4304;1478;1863;568;116;21;67;108;42;41
Margraten;G0936;11243;Limburg;P31;9569;5101;75;;5026;1291;2424;797;178;18;44;96;101;77
Mariekerke;G0686;11221;Zeeland;P29;2259;1500;8;;1492;106;440;162;23;728;5;16;9;3
Markelo;G0169;11382;Overijssel;P23;5184;3070;17;;3053;1050;757;1014;54;48;30;72;26;2
Marken;G0419;10901;Noord-Holland;P27;1562;1008;4;;1004;243;532;106;23;39;29;15;15;2
Marum;G0025;11431;Groningen;P20;6087;3585;26;;3559;1478;1023;549;131;248;46;52;27;5
Maurik;G0264;10300;Gelderland;P25;4175;2494;8;;2486;1235;547;489;46;85;36;26;14;8
Medemblik;G0420;11215;Noord-Holland;P27;4670;2445;22;;2423;778;809;419;197;69;70;34;35;12
Meeden;G0026;10304;Groningen;P20;1322;944;7;;937;530;191;96;43;43;12;10;12;
Meerkerk;G0557;10618;Zuid-Holland;P28;2200;1374;10;;1364;362;406;269;33;228;31;21;12;2
Meerlo-Wanssum;G0993;11416;Limburg;P31;4865;2350;17;;2333;424;1402;332;89;4;18;35;21;8
Meerssen;G0938;10494;Limburg;P31;15225;7249;94;;7155;2063;2963;1224;301;11;146;145;170;132
Megen, Haren en Macharen;G0813;10988;Noord-Brabant;P30;2048;1042;12;;1030;237;609;106;32;;21;13;10;2
Meijel;G0941;10925;Limburg;P31;3790;1387;18;;1369;273;835;167;35;;11;18;17;13
Melick en Herkenbosch;G0939;10196;Limburg;P31;5218;2549;19;;2530;723;952;575;112;5;36;48;52;27
Menaldumadeel;G0083;11144;Fryslân;P21;9372;5815;43;;5772;2474;1812;1003;154;126;27;98;62;16
Meppel;G0119;11204;Drenthe;P22;16644;9221;62;;9159;3902;2176;1808;326;528;98;190;106;25
Middelburg;G0687;10122;Zeeland;P29;27758;13195;66;;13129;4146;3244;2225;821;1991;205;298;167;32
Middelharnis;G0559;11067;Zuid-Holland;P28;11116;5675;7;;5668;1763;983;832;167;1706;84;65;52;16
Middelstum;G0027;11199;Groningen;P20;2040;1361;3;;1358;380;557;127;69;187;12;13;7;6
Middenschouwen;G0688;10837;Zeeland;P29;1820;1087;4;;1083;251;325;230;20;223;16;7;9;2
Midwolda;G0028;10356;Groningen;P20;2990;1993;10;;1983;822;686;121;161;140;18;16;16;3
Mierlo;G0814;10215;Noord-Brabant;P30;6737;3527;27;;3500;863;1573;675;164;16;42;111;36;20
Mijdrecht;G0336;11379;Utrecht;P26;10198;5328;23;;5305;958;2011;1491;236;274;99;153;63;20
Mill en Sint Hubert;G0815;10535;Noord-Brabant;P30;7297;4223;36;;4187;1002;2462;426;140;7;26;42;51;31
Millingen aan de Rijn;G0265;10072;Gelderland;P25;3694;1739;14;;1725;830;624;149;58;3;20;24;7;10
Moergestel;G0816;11191;Noord-Brabant;P30;3885;2272;19;;2253;471;1250;396;54;2;25;17;28;10
Moerkapelle;G0560;11383;Zuid-Holland;P28;1992;1285;12;;1273;213;238;222;19;540;13;19;9;
Molenaarsgraaf;G0561;10166;Zuid-Holland;P28;666;406;6;;400;78;134;59;16;95;5;8;4;1
Monnickendam;G0423;10983;Noord-Holland;P27;6726;3397;16;;3381;1238;798;740;256;40;110;129;57;13
Monster;G0562;10019;Zuid-Holland;P28;13623;7180;33;;7147;1133;3176;1437;161;728;283;103;91;35
Montfoort;G0335;10033;Utrecht;P26;4458;2431;12;;2419;494;992;559;107;131;41;59;21;15
Montfort;G0943;10266;Limburg;P31;2209;957;43;;914;274;424;131;8;4;21;19;9;24
Mook en Middelaar;G0944;10271;Limburg;P31;4696;2581;15;;2566;674;990;570;161;13;35;65;41;17
Moordrecht;G0563;10120;Zuid-Holland;P28;4549;2302;22;;2280;814;518;453;105;206;67;80;29;8
Muiden;G0424;10958;Noord-Holland;P27;5030;3055;16;;3039;965;762;741;171;74;73;190;50;13
Muntendam;G0029;10550;Groningen;P20;3559;2147;14;;2133;1474;161;158;189;49;23;43;25;11
Naaldwijk;G0565;11418;Zuid-Holland;P28;18446;9838;64;;9774;1507;4793;2325;202;406;228;143;130;40
Naarden;G0425;10187;Noord-Holland;P27;12400;7035;4;;7031;1525;1434;3153;288;178;99;249;82;23
Nederhorst den Berg;G0426;10715;Noord-Holland;P27;3419;1905;22;;1883;495;632;493;108;47;54;29;20;5
Nederweert;G0946;10681;Limburg;P31;10651;4822;88;;4734;1168;2630;538;144;19;60;92;43;40
Neede;G0266;10367;Gelderland;P25;7944;5036;23;;5013;2181;1587;787;145;135;36;97;32;13
Neer;G0947;10682;Limburg;P31;2591;1138;14;;1124;265;605;121;62;1;22;18;19;11
Neerijnen;G0304;10125;Gelderland;P25;7315;3992;33;;3959;1431;971;758;123;496;59;65;39;17
Niedorp;G0412;10923;Noord-Holland;P27;5594;3193;35;;3158;1192;931;610;226;17;56;72;53;1
Nieuwe Pekela;G0030;10950;Groningen;P20;3818;2243;18;;2225;988;526;267;210;163;27;24;14;6
Nieuwegein;G0356;10374;Utrecht;P26;36865;16003;28;;15975;5691;4075;3343;1104;584;361;533;245;39
Nieuwerkerk aan den IJssel;G0567;10855;Zuid-Holland;P28;11952;5971;53;;5918;1853;1274;1571;191;625;155;157;79;13
Nieuweschans;G0031;10008;Groningen;P20;1400;918;5;;913;537;62;65;216;3;16;5;9;
Nieuw-Ginneken;G0817;10406;Noord-Brabant;P30;7946;4644;43;;4601;1019;2043;1197;95;16;47;110;54;20
Nieuwkoop;G0569;10728;Zuid-Holland;P28;6618;3402;9;;3393;768;1255;813;198;171;39;85;52;12
Nieuwland;G0570;11213;Zuid-Holland;P28;536;367;1;;366;53;107;62;8;125;6;2;1;2
Nieuw-Lekkerland;G0571;10547;Zuid-Holland;P28;5429;3048;13;;3035;1055;578;308;95;877;32;52;32;6
Nieuwleusen;G0170;10384;Overijssel;P23;5479;3115;14;;3101;645;1371;481;42;433;39;55;26;9
Nieuwolda;G0032;10126;Groningen;P20;1193;780;6;;774;407;158;118;47;26;8;5;3;2
Nieuwpoort;G0572;10748;Zuid-Holland;P28;790;463;1;;462;109;124;60;7;145;3;5;6;3
Nieuwveen;G0573;10487;Zuid-Holland;P28;2230;1049;12;;1037;177;513;215;41;46;19;16;8;2
Nieuw-Vossemeer;G0818;10401;Noord-Brabant;P30;1694;878;4;;874;358;328;116;27;4;24;7;4;6
Nigtevecht;G0337;10160;Utrecht;P26;957;577;3;;574;155;196;137;23;14;14;20;15;
Nijefurd;G0104;10768;Fryslân;P21;7516;4210;23;;4187;1035;2156;521;139;165;30;56;61;24
Nijeveen;G0121;10774;Drenthe;P22;1981;1345;7;;1338;351;601;279;21;43;5;24;9;5
Nijkerk;G0267;10446;Gelderland;P25;16556;9476;51;;9425;2004;3754;1533;184;1560;127;167;64;32
Nijmegen;G0268;11209;Gelderland;P25;112080;50781;472;;50309;19388;14146;6315;6840;308;923;1340;777;272
Nistelrode;G0819;10094;Noord-Brabant;P30;4578;2223;28;;2195;521;1348;193;55;7;17;31;11;12
Noordeloos;G0574;10296;Zuid-Holland;P28;1077;796;0;;796;122;247;141;15;222;28;13;3;5
Noorder-Koggenland;G0529;10924;Noord-Holland;P27;6446;3611;26;;3585;1245;762;959;207;162;68;105;72;5
Noordoostpolder;G0171;10144;Overijssel;P23;26320;16074;43;;16031;4116;6151;2955;499;1505;190;401;158;56
Noordwijk;G0575;10769;Zuid-Holland;P28;17764;9130;72;;9058;2042;3065;2576;582;241;231;171;112;38
Noordwijkerhout;G0576;11134;Zuid-Holland;P28;10508;6010;61;;5949;965;2612;1638;340;58;89;163;58;26
Nootdorp;G0577;10601;Zuid-Holland;P28;4470;2490;12;;2478;367;1185;611;80;56;67;64;34;14
Norg;G0120;10608;Drenthe;P22;4627;2930;9;;2921;1138;436;1024;109;67;40;67;33;7
Nuenen, Gerwen en Nederwetten;G0820;10761;Noord-Brabant;P30;12917;6658;32;;6626;1609;2665;1489;346;46;95;234;126;16
Nuland;G0821;10118;Noord-Brabant;P30;2834;1755;17;;1738;356;1123;146;43;3;24;23;15;5
Nunspeet;G0302;10512;Gelderland;P25;15928;9895;48;;9847;1242;2654;1770;187;3648;122;149;53;22
Nuth;G0951;10104;Limburg;P31;12623;6754;119;;6635;2148;2865;779;347;22;86;118;141;129
Obdam;G0429;11338;Noord-Holland;P27;3869;2159;29;;2130;454;1023;413;110;16;20;48;40;6
Odoorn;G0122;11320;Drenthe;P22;9226;5724;32;;5692;3034;928;1151;167;196;58;86;49;23
Oeffelt;G0822;10360;Noord-Brabant;P30;1572;914;6;;908;218;488;97;48;1;14;27;4;11
Oegstgeest;G0579;10287;Zuid-Holland;P28;11764;7255;53;;7202;1400;1898;2706;376;217;103;354;120;28
Ohé en Laak;G0953;10420;Limburg;P31;637;306;7;;299;48;186;32;17;1;3;;7;5
Oirschot;G0823;10225;Noord-Brabant;P30;7878;4159;65;;4094;821;2367;566;122;7;38;101;43;29
Oisterwijk;G0824;10103;Noord-Brabant;P30;12171;6564;39;;6525;1969;2405;1465;277;36;123;128;100;22
Oldebroek;G0269;11106;Gelderland;P25;13859;7115;50;;7065;1364;1750;695;84;2992;59;80;23;18
Oldehove;G0035;10298;Groningen;P20;1670;1174;3;;1171;231;408;192;41;255;7;16;18;3
Oldekerk;G0036;11332;Groningen;P20;1640;1104;5;;1099;248;511;202;20;94;3;10;9;2
Oldenzaal;G0173;11100;Overijssel;P23;19981;11193;65;;11128;3270;5228;1581;426;81;187;200;109;46
Olst;G0174;10409;Overijssel;P23;6507;4256;38;;4218;1755;1357;824;106;53;39;64;12;8
Ommen;G0175;11069;Overijssel;P23;12113;8159;42;;8117;1338;4173;1065;155;1136;60;114;62;14
Onderbanken;G0881;10492;Limburg;P31;5931;3000;54;;2946;1031;1261;258;121;13;70;57;61;74
Oost-, West- en Middelbeers;G0825;10220;Noord-Brabant;P30;3220;1743;17;;1726;281;1083;236;53;3;14;36;17;3
Oostburg;G0692;10782;Zeeland;P29;13858;6954;58;;6896;2503;1951;1730;198;221;84;120;71;18
Oosterbroek;G0033;11282;Groningen;P20;3741;2082;16;;2066;1139;243;335;156;74;35;30;40;14
Oosterhesselen;G0123;10490;Drenthe;P22;3488;2310;8;;2302;939;587;450;84;169;14;45;13;1
Oosterhout;G0826;11280;Noord-Brabant;P30;32569;15446;123;;15323;5176;5152;3094;734;79;341;453;179;115
Oostflakkee;G0580;10714;Zuid-Holland;P28;6893;3893;19;;3874;1494;1070;491;78;589;72;46;24;10
Ooststellingwerf;G0085;10836;Fryslân;P21;17644;10945;93;;10852;5104;2518;1733;671;420;112;190;81;23
Oostzaan;G0431;11303;Noord-Holland;P27;5134;2682;20;;2662;1189;289;542;354;92;92;57;41;6
Ootmarsum;G0176;11079;Overijssel;P23;2947;2040;14;;2026;328;1294;290;37;19;17;24;15;2
Oploo, Sint Anthonis en Ledeacker;G0827;11415;Noord-Brabant;P30;5164;3223;42;;3181;534;2150;271;111;7;20;38;31;19
Opmeer;G0432;10609;Noord-Holland;P27;6943;3675;25;;3650;921;1657;701;135;19;60;85;64;8
Opsterland;G0086;10005;Fryslân;P21;18847;11719;70;;11649;5571;2518;1504;675;951;83;199;134;14
Oss;G0828;10834;Noord-Brabant;P30;35010;15570;134;;15436;5683;4876;2663;853;52;526;424;265;94
Ossendrecht;G0829;10929;Noord-Brabant;P30;3620;1577;14;;1563;495;612;326;31;6;51;26;6;10
Ottoland;G0582;10097;Zuid-Holland;P28;611;433;5;;428;53;189;57;13;106;3;5;2;
Oud- en Nieuw-Gastel;G0831;11363;Noord-Brabant;P30;5805;2488;28;;2460;811;1036;376;90;7;82;30;19;9
Oud-Alblas;G0583;10826;Zuid-Holland;P28;1349;822;1;;821;136;271;130;24;231;11;9;7;2
Oud-Beijerland;G0584;11301;Zuid-Holland;P28;13072;6422;35;;6387;1976;1332;1402;269;943;208;140;93;24
Oude Pekela;G0038;10848;Groningen;P20;6131;3816;37;;3779;2189;376;242;810;72;22;36;20;12
Oudenbosch;G0830;10397;Noord-Brabant;P30;8445;4218;35;;4183;1364;1739;694;130;14;120;67;33;22
Ouder-Amstel;G0437;10998;Noord-Holland;P27;8547;4887;35;;4852;1220;1471;1354;272;101;175;173;73;13
Ouderkerk aan den IJssel;G0587;10095;Zuid-Holland;P28;3916;2149;17;;2132;548;398;488;43;520;60;45;23;7
Oudewater;G0589;10188;Utrecht;P26;4954;3108;33;;3075;658;1344;598;91;230;48;63;28;15
Pannerden;G0272;10518;Gelderland;P25;1590;676;8;;668;181;356;73;24;5;6;9;3;11
Papendrecht;G0590;10427;Zuid-Holland;P28;18479;9491;51;;9440;3422;1923;1905;402;1170;235;244;99;40
Peize;G0124;10501;Drenthe;P22;3553;1949;10;;1939;956;162;510;118;25;27;87;22;32
Pijnacker;G0594;10031;Zuid-Holland;P28;11519;6988;48;;6940;1242;2803;1770;230;372;161;226;112;24
Polsbroek;G0338;10993;Utrecht;P26;791;490;5;;485;41;192;95;11;133;8;3;1;1
Poortugal;G0592;11395;Zuid-Holland;P28;16988;7217;62;;7155;3657;1143;920;380;382;379;172;95;27
Posterholt;G0956;10456;Limburg;P31;3079;1309;26;;1283;449;572;157;44;2;18;13;18;10
Prinsenbeek;G0832;11354;Noord-Brabant;P30;7121;3938;23;;3915;979;1639;950;80;17;77;91;31;51
Purmerend;G0439;11066;Noord-Holland;P27;34394;16414;122;;16292;7248;2291;3405;1658;179;693;553;218;47
Putte;G0833;10099;Noord-Brabant;P30;2810;1276;38;;1238;368;422;289;34;3;54;30;23;15
Putten;G0273;11109;Gelderland;P25;13891;8537;47;;8490;1261;3107;1509;175;2164;98;108;56;12
Raalte;G0177;10279;Overijssel;P23;17839;10284;55;;10229;1927;6640;1028;249;64;65;144;81;31
Raamsdonk;G0834;11391;Noord-Brabant;P30;9010;4340;44;;4296;1465;1630;722;166;89;93;63;29;39
Ravenstein;G0835;10805;Noord-Brabant;P30;5456;3071;30;;3041;964;1536;310;109;11;32;45;31;3
Reeuwijk;G0595;10485;Zuid-Holland;P28;6384;3461;26;;3435;713;973;1059;123;334;68;96;56;13
Reimerswaal;G0703;10077;Zeeland;P29;13555;6733;33;;6700;1632;1549;1081;125;2042;117;100;32;22
Renkum;G0274;11325;Gelderland;P25;25975;15882;91;;15791;4689;4541;4324;772;542;202;443;226;52
Renswoude;G0339;10269;Utrecht;P26;2229;1124;0;;1124;137;492;276;17;168;10;14;7;3
Reusel;G0836;10162;Noord-Brabant;P30;5146;2123;15;;2108;444;1236;287;51;1;12;42;24;11
Rheden;G0275;11355;Gelderland;P25;36476;22015;185;;21830;8516;5598;5028;951;540;320;528;279;70
Rhenen;G0340;10309;Utrecht;P26;12135;6268;48;;6220;2065;1507;1364;198;770;93;159;42;22
Rhoon;G0596;10903;Zuid-Holland;P28;6013;3421;9;;3412;775;1037;1092;117;168;99;69;44;11
Ridderkerk;G0597;10646;Zuid-Holland;P28;34114;16783;86;;16697;6282;3615;2544;487;2702;477;361;174;55
Riethoven;G0837;10455;Noord-Brabant;P30;1547;900;8;;892;88;533;205;32;;6;18;8;2
Rijnsaterwoude;G0601;11129;Zuid-Holland;P28;885;494;6;;488;96;163;122;20;55;7;18;7;
Rijnsburg;G0602;11118;Zuid-Holland;P28;8083;4862;28;;4834;534;2580;754;86;736;42;45;40;17
Rijsbergen;G0841;10866;Noord-Brabant;P30;3922;1806;20;;1786;427;931;285;38;21;17;38;19;10
Rijssen;G0178;10358;Overijssel;P23;14772;8987;76;;8911;1390;2170;657;111;4309;130;90;27;27
Rijswijk;G0603;11133;Zuid-Holland;P28;39193;21021;152;;20869;5711;5201;6417;941;582;973;678;301;65
Roden;G0125;10699;Drenthe;P22;12283;7305;59;;7246;3104;1433;1678;344;281;104;191;90;21
Roermond;G0957;11313;Limburg;P31;27382;11237;154;;11083;3484;3773;2054;698;79;386;261;168;180
Roggel;G0958;10505;Limburg;P31;3058;1415;19;;1396;331;736;186;61;4;17;26;20;15
Rolde;G0126;10470;Drenthe;P22;4315;2650;10;;2640;1063;278;1053;121;27;19;61;17;1
Roosendaal en Nispen;G0838;10407;Noord-Brabant;P30;41309;18203;141;;18062;5515;6741;3511;622;155;847;377;222;72
Rosmalen;G0839;10970;Noord-Brabant;P30;17031;7721;53;;7668;2235;2920;1645;339;34;136;221;112;26
Rossum;G0276;10860;Gelderland;P25;2089;1160;13;;1147;404;430;200;45;16;18;19;12;3
Rotterdam;G0599;10345;Zuid-Holland;P28;412090;171774;1179;;170595;83644;28206;23083;9535;6636;13864;3109;1900;618
Rozenburg;G0600;11314;Zuid-Holland;P28;9766;4274;31;;4243;1703;991;758;189;258;145;100;73;26
Rozendaal;G0277;10684;Gelderland;P25;1061;746;2;;744;108;180;346;31;21;6;41;8;3
Rucphen;G0840;11152;Noord-Brabant;P30;15297;5620;64;;5556;2330;2175;617;92;24;164;72;38;44
Ruinen;G0127;10629;Drenthe;P22;4985;2914;10;;2904;1068;580;996;66;82;34;57;17;4
Ruinerwold;G0128;10944;Drenthe;P22;2530;1698;5;;1693;513;457;569;39;61;12;36;4;2
Ruurlo;G0278;10879;Gelderland;P25;5412;3108;24;;3084;981;1018;878;77;36;21;46;21;6
Sas van Gent;G0704;11405;Zeeland;P29;6202;2890;24;;2866;1082;988;514;94;44;61;54;24;5
Sassenheim;G0604;10612;Zuid-Holland;P28;9540;5424;34;;5390;1006;2282;1486;188;116;68;136;86;22
Schagen;G0441;10511;Noord-Holland;P27;11376;6000;46;;5954;2176;1185;1748;397;57;98;174;107;12
Schaijk;G0843;10276;Noord-Brabant;P30;5100;2628;21;;2607;563;1475;331;123;3;18;51;34;9
Scharsterland;G0139;10022;Fryslân;P21;15979;9350;61;;9289;3493;3728;1262;315;225;48;122;82;14
Scheemda;G0039;10711;Groningen;P20;5638;3675;23;;3652;1930;752;402;290;141;41;48;38;10
Schelluinen;G0605;11399;Zuid-Holland;P28;848;571;3;;568;188;82;179;7;71;11;26;2;2
Schermer;G0458;10308;Noord-Holland;P27;2907;1791;12;;1779;582;549;428;89;12;42;42;25;10
Scherpenzeel;G0279;11146;Gelderland;P25;5357;3293;14;;3279;656;987;781;46;686;30;57;30;6
Schiedam;G0606;11260;Zuid-Holland;P28;52606;24061;143;;23918;11169;5322;3134;1439;716;1377;423;246;92
Schiermonnikoog;G0088;10355;Fryslân;P21;688;573;3;;570;151;177;148;45;14;4;15;16;
Schijndel;G0844;11178;Noord-Brabant;P30;14674;6295;54;;6241;2000;2846;761;324;15;89;102;78;26
Schinnen;G0962;10132;Limburg;P31;9821;5238;58;;5180;1470;2387;667;198;20;74;103;129;132
Schipluiden;G0607;10130;Zuid-Holland;P28;5551;3396;17;;3379;358;1884;721;95;112;73;69;57;10
Schoonebeek;G0129;10064;Drenthe;P22;5433;3068;18;;3050;1027;1566;234;66;53;29;39;25;11
Schoonhoven;G0608;10980;Zuid-Holland;P28;7444;4170;29;;4141;1197;1128;871;221;433;99;102;71;19
Schoonrewoerd;G0609;10214;Zuid-Holland;P28;1002;577;4;;573;58;223;85;14;165;5;12;7;4
Schoorl;G0444;10627;Noord-Holland;P27;4863;2935;24;;2911;920;701;802;212;15;49;96;104;12
Sevenum;G0964;10045;Limburg;P31;4808;2388;16;;2372;383;1526;289;87;5;11;34;17;20
's-Graveland;G0390;10534;Noord-Holland;P27;6625;3540;30;;3510;922;1006;971;200;143;75;117;66;10
's-Gravendeel;G0517;10052;Zuid-Holland;P28;5754;3186;17;;3169;1311;928;501;77;249;32;41;25;5
's-Gravenhage;G0518;11434;Zuid-Holland;P28;340403;150609;1000;;149609;51711;30921;37882;8678;4321;9560;4083;1792;661
's-Gravenmoer;G0787;10469;Noord-Brabant;P30;1441;782;3;;779;160;335;146;13;91;17;6;11;
's-Gravenzande;G0519;10640;Zuid-Holland;P28;12272;6391;33;;6358;1274;2559;1517;103;583;146;77;84;15
's-Hertogenbosch;G0796;10054;Noord-Brabant;P30;65257;24834;207;;24627;8908;7896;3482;1866;207;1224;511;394;139
Simpelveld;G0965;10515;Limburg;P31;8653;4867;92;;4775;1705;2086;450;152;20;117;75;90;80
Sint Maarten;G0445;10740;Noord-Holland;P27;1447;859;5;;854;266;250;202;58;11;15;29;22;1
Sint Odiliënberg;G0967;10278;Limburg;P31;2539;1238;23;;1215;265;613;216;43;5;10;22;24;17
Sint Pancras;G0446;10513;Noord-Holland;P27;3786;1911;14;;1897;541;568;447;153;61;46;43;33;5
Sint Philipsland;G0712;10394;Zeeland;P29;1657;912;11;;901;160;165;104;20;419;21;6;5;1
Sint-Michielsgestel;G0845;10496;Noord-Brabant;P30;8392;4295;30;;4265;1333;1789;698;134;30;73;100;78;30
Sint-Oedenrode;G0846;10399;Noord-Brabant;P30;11355;6200;64;;6136;1501;3333;780;225;18;60;107;91;21
Sittard;G0968;11230;Limburg;P31;32778;14424;168;;14256;4845;5573;1955;873;46;234;260;238;232
Sleen;G0130;10489;Drenthe;P22;6331;4459;35;;4424;2392;817;861;160;95;31;45;20;3
Sliedrecht;G0610;11331;Zuid-Holland;P28;16428;8294;19;;8275;3036;1428;1017;384;1949;195;161;68;37
Slochteren;G0040;10747;Groningen;P20;10170;5594;44;;5550;2195;972;1052;267;827;69;103;47;18
Sluis;G0713;10895;Zeeland;P29;2155;1268;10;;1258;387;374;400;19;20;13;34;6;5
Smallingerland;G0090;10405;Fryslân;P21;35779;21988;140;;21848;9618;6379;2368;1025;1724;129;349;217;39
Smilde;G0131;11033;Drenthe;P22;6264;3870;22;;3848;1411;1376;603;123;193;57;45;29;11
Sneek;G0091;11421;Fryslân;P21;21395;11390;80;;11310;4518;3768;1703;533;319;99;195;133;42
Snelrewaard;G0341;10802;Utrecht;P26;573;321;7;;314;19;177;61;3;33;7;12;2;
Soest;G0342;11021;Utrecht;P26;29312;15279;86;;15193;3228;4528;5042;607;754;331;484;179;40
Someren;G0847;10203;Noord-Brabant;P30;11779;5401;45;;5356;948;3287;700;169;18;55;81;65;33
Son en Breugel;G0848;10549;Noord-Brabant;P30;10363;5505;44;;5461;1024;2112;1753;164;62;57;195;72;22
Spijkenisse;G0612;10735;Zuid-Holland;P28;38495;15187;111;;15076;7232;2249;2641;863;582;796;443;221;49
Sprang-Capelle;G0849;11233;Noord-Brabant;P30;6121;2944;16;;2928;596;1011;493;63;637;50;42;25;11
Stad Delden;G0179;10913;Overijssel;P23;5346;3599;31;;3568;801;1638;810;102;32;40;92;48;5
Stadskanaal;G0037;10610;Groningen;P20;25098;14578;82;;14496;6446;4355;1291;500;1452;133;170;94;55
Standdaarbuiten;G0850;11212;Noord-Brabant;P30;1952;1080;0;;1080;275;561;154;20;11;23;14;14;8
Staphorst;G0180;11362;Overijssel;P23;8396;4478;40;;4438;521;952;670;63;2127;44;44;14;3
Stede Broec;G0532;11337;Noord-Holland;P27;12436;6135;38;;6097;1987;2009;1077;488;57;177;148;111;43
Stedum;G0041;10771;Groningen;P20;1409;979;4;;975;330;378;98;48;87;2;8;21;3
Steenbergen;G0851;10731;Noord-Brabant;P30;10122;4467;49;;4418;1626;1531;861;138;24;136;56;30;16
Steenderen;G0280;10497;Gelderland;P25;3294;2191;8;;2183;473;1196;362;54;29;12;31;18;8
Steenwijk;G0181;10546;Overijssel;P23;15153;9235;56;;9179;3829;2672;1536;335;439;92;188;69;19
Stein;G0971;11319;Limburg;P31;19415;8628;189;;8439;2979;3498;919;358;28;170;249;116;122
Stevensweert;G0972;11203;Limburg;P31;1237;542;23;;519;126;288;68;16;1;3;6;5;6
Stolwijk;G0615;11250;Zuid-Holland;P28;3171;1904;9;;1895;582;306;458;39;418;34;43;13;2
Stramproy;G0973;11186;Limburg;P31;3383;1353;16;;1337;324;741;150;46;3;16;28;15;14
Streefkerk;G0616;11105;Zuid-Holland;P28;1674;1043;7;;1036;290;263;163;23;239;24;22;9;3
Strijen;G0617;10558;Zuid-Holland;P28;6070;3183;22;;3161;1296;645;690;102;293;50;41;23;21
Susteren;G0974;10457;Limburg;P31;9395;4459;96;;4363;1454;1950;444;184;13;75;88;74;81
Swalmen;G0975;10474;Limburg;P31;6169;2525;51;;2474;923;954;337;95;7;43;33;47;35
't Zandt;G0054;10956;Groningen;P20;1791;1085;12;;1073;439;285;184;57;56;11;9;29;3
Tegelen;G0976;11333;Limburg;P31;12623;5925;59;;5866;2033;2589;731;184;16;123;75;76;39
Ten Boer;G0009;10891;Groningen;P20;4658;2945;18;;2927;905;873;411;129;523;24;42;19;1
Ter Aar;G0480;11104;Zuid-Holland;P28;6034;3347;27;;3320;501;1603;798;96;142;54;62;40;24
Terheijden;G0853;10905;Noord-Brabant;P30;5837;3198;23;;3175;939;1306;515;172;16;52;108;38;29
Termunten;G0042;11023;Groningen;P20;3364;2053;25;;2028;972;431;223;220;90;30;29;21;12
Terneuzen;G0715;10704;Zeeland;P29;24972;11154;73;;11081;3826;2761;1895;420;1395;351;291;95;47
Terschelling;G0093;11210;Fryslân;P21;3529;2295;7;;2288;845;498;698;99;38;36;41;27;6
Teteringen;G0854;10677;Noord-Brabant;P30;3992;2441;13;;2428;418;1127;641;87;4;37;53;19;42
Texel;G0448;10237;Noord-Holland;P27;9197;5461;30;;5431;1658;1628;1358;326;156;52;160;81;12
Tholen;G0716;10376;Zeeland;P29;13698;6414;52;;6362;1853;1154;1146;146;1810;127;73;33;20
Thorn;G0977;11195;Limburg;P31;2041;1039;17;;1022;335;501;116;32;2;2;15;11;8
Tiel;G0281;10027;Gelderland;P25;20819;9718;22;;9696;4691;2137;1751;416;238;190;187;69;17
Tienhoven (ZH);G0618;10706;Zuid-Holland;P28;388;280;0;;280;56;115;27;7;64;3;2;6;
Tietjerksteradeel;G0094;11241;Fryslân;P21;20541;12087;57;;12030;3968;4719;1713;361;792;65;256;122;34
Tilburg;G0855;10792;Noord-Brabant;P30;115396;49624;461;;49163;17924;16462;6824;3891;256;1670;1146;715;275
Tubbergen;G0183;10694;Overijssel;P23;12512;8004;43;;7961;876;6206;567;104;28;60;59;49;12
Ubbergen;G0282;10408;Gelderland;P25;7211;4006;44;;3962;1136;1716;685;234;9;43;55;62;22
Uden;G0856;11141;Noord-Brabant;P30;23242;11012;54;;10958;2878;4745;2288;403;46;187;218;140;53
Udenhout;G0857;11268;Noord-Brabant;P30;5854;2984;32;;2952;636;1717;390;95;4;27;49;22;12
Uitgeest;G0450;11238;Noord-Holland;P27;6949;3904;24;;3880;1204;1080;893;399;15;75;129;69;16
Uithoorn;G0451;11206;Noord-Holland;P27;15650;8470;63;;8407;2097;2419;2587;577;137;204;239;117;30
Ulrum;G0045;10180;Groningen;P20;2724;1807;12;;1795;465;661;240;50;327;14;25;10;3
Urk;G0184;10783;Overijssel;P23;6382;3440;8;;3432;41;1119;113;16;2071;53;5;4;10
Usquert;G0046;11035;Groningen;P20;1206;866;3;;863;560;71;131;43;32;7;9;9;1
Utrecht;G0344;10722;Utrecht;P26;173566;82444;651;;81793;31559;17918;13363;9195;2152;3552;2287;1462;305
Vaals;G0981;10007;Limburg;P31;6593;3192;73;;3119;1127;1217;443;110;17;46;37;74;48
Valburg;G0283;11071;Gelderland;P25;8329;4567;12;;4555;1058;1911;809;238;351;38;81;45;24
Valkenburg (ZH);G0619;10028;Zuid-Holland;P28;2081;1182;11;;1171;178;436;251;29;219;20;15;13;10
Valkenburg aan de Geul;G0994;11077;Limburg;P31;13376;6822;87;;6735;1926;2992;1096;189;18;136;129;131;118
Valkenisse;G0720;10779;Zeeland;P29;4392;2354;14;;2340;426;896;601;59;251;22;52;24;9
Valkenswaard;G0858;11031;Noord-Brabant;P30;20728;9442;48;;9394;2979;3801;1657;328;56;164;221;137;51
Veendam;G0047;11292;Groningen;P20;20710;11887;81;;11806;6716;1912;1867;495;296;174;206;99;41
Veenendaal;G0345;11052;Utrecht;P26;29217;14026;26;;14000;2832;4181;2393;459;3593;197;199;113;33
Veere;G0717;10369;Zeeland;P29;3457;2011;6;;2005;230;866;393;52;375;17;39;28;5
Veghel;G0860;10985;Noord-Brabant;P30;17132;8544;66;;8478;1929;4336;1441;327;34;134;130;125;22
Veldhoven;G0861;10071;Noord-Brabant;P30;25713;11040;84;;10956;3021;4443;2090;592;97;234;248;184;47
Velsen;G0453;10620;Noord-Holland;P27;44526;22758;153;;22605;8778;5305;4784;1414;651;687;534;343;109
Venhuizen;G0454;10433;Noord-Holland;P27;4948;2927;17;;2910;707;1027;774;163;11;73;53;79;23
Venlo;G0983;10477;Limburg;P31;45973;18541;159;;18382;5018;8212;3129;872;55;385;329;216;166
Venray;G0984;11222;Limburg;P31;23726;10260;100;;10160;2552;5235;1370;489;26;114;163;131;80
Vessem, Wintelre en Knegsel;G0862;11414;Noord-Brabant;P30;3335;1923;9;;1914;237;1249;288;58;5;19;30;20;8
Vianen;G0620;10887;Zuid-Holland;P28;10077;5117;46;;5071;1825;1350;1045;280;218;110;139;90;14
Vierlingsbeek;G0863;10066;Noord-Brabant;P30;5529;2995;31;;2964;576;1843;337;87;11;33;38;30;9
Vinkeveen en Waverveen;G0346;11048;Utrecht;P26;6262;3464;38;;3426;569;1276;1019;112;230;91;80;38;11
Vlaardingen;G0622;10811;Zuid-Holland;P28;56791;27296;190;;27106;11291;5335;4245;1712;1905;1419;635;419;145
Vlagtwedde;G0048;11249;Groningen;P20;12606;6857;58;;6799;3129;2056;894;247;213;116;77;44;23
Vledder;G0132;11120;Drenthe;P22;2731;1663;12;;1651;802;317;349;68;34;19;42;19;1
Vleuten-De Meern;G0347;10658;Utrecht;P26;11571;6973;41;;6932;1259;2900;1890;265;218;138;166;75;21
Vlieland;G0096;10211;Fryslân;P21;785;702;1;;701;265;89;262;33;7;7;26;10;2
Vlijmen;G0864;11293;Noord-Brabant;P30;10313;4888;51;;4837;1471;2050;824;170;25;101;103;63;30
Vlissingen;G0718;10270;Zeeland;P29;33697;13379;83;;13296;5297;3046;2554;654;804;417;317;162;45
Vlist;G0623;11174;Zuid-Holland;P28;436;294;2;;292;43;116;40;2;72;3;9;7;
Vlodrop;G0985;10644;Limburg;P31;1609;706;15;;691;190;331;108;17;2;14;9;10;10
Voerendaal;G0986;11341;Limburg;P31;9753;4761;4;;4757;1213;2254;707;185;23;73;84;91;127
Voorburg;G0624;11103;Zuid-Holland;P28;32571;17817;104;;17713;4222;4859;5942;688;527;589;572;256;58
Voorhout;G0625;10017;Zuid-Holland;P28;5193;3150;21;;3129;500;1447;814;152;40;40;67;62;7
Voorschoten;G0626;10537;Zuid-Holland;P28;15776;9548;56;;9492;2016;2684;3329;398;226;196;353;259;31
Voorst;G0285;10912;Gelderland;P25;17795;9821;51;;9770;2921;3806;2033;291;311;90;191;92;35
Vorden;G0286;10957;Gelderland;P25;5493;3448;17;;3431;1016;1280;808;80;103;40;56;31;17
Vries;G0133;10630;Drenthe;P22;7091;4201;24;;4177;1710;508;1368;206;149;63;117;53;3
Vriezenveen;G0186;10643;Overijssel;P23;12336;7145;49;;7096;2016;2946;682;118;1152;42;83;35;22
Vught;G0865;11224;Noord-Brabant;P30;17432;8652;85;;8567;2214;3372;2008;396;63;150;169;156;39
Vuren;G0287;11376;Gelderland;P25;2006;1219;8;;1211;445;385;242;40;58;17;12;10;2
Waalre;G0866;10959;Noord-Brabant;P30;10760;6114;49;;6065;1310;2350;1778;215;27;100;183;85;17
Waalwijk;G0867;11359;Noord-Brabant;P30;20048;9298;71;;9227;2655;3389;1877;467;220;266;164;139;50
Waddinxveen;G0627;10081;Zuid-Holland;P28;15047;8568;60;;8508;2189;2226;1868;275;1455;149;189;123;34
Wageningen;G0289;11010;Gelderland;P25;25590;14535;91;;14444;5052;2941;2759;1888;694;77;698;307;28
Wamel;G0290;10042;Gelderland;P25;12360;5937;44;;5893;1616;3002;823;185;33;80;62;47;45
Wanroij;G0868;10265;Noord-Brabant;P30;3332;2083;14;;2069;288;1486;195;40;1;7;13;26;13
Warffum;G0049;10498;Groningen;P20;1738;1212;9;;1203;604;268;202;42;47;4;21;14;1
Warmenhuizen;G0456;10221;Noord-Holland;P27;2938;1606;8;;1598;353;661;376;111;8;18;27;39;5
Warmond;G0628;10204;Zuid-Holland;P28;3855;2144;13;;2131;404;910;554;98;36;25;57;40;7
Warnsveld;G0291;10838;Gelderland;P25;6473;3696;22;;3674;1201;1143;907;146;95;27;96;51;8
Waspik;G0869;10402;Noord-Brabant;P30;3225;1750;28;;1722;570;813;178;32;42;39;25;18;5
Wassenaar;G0629;10164;Zuid-Holland;P28;19806;11701;11;;11690;1539;3343;5653;224;195;215;321;146;54
Wateringen;G0630;11329;Zuid-Holland;P28;10353;5268;9;;5259;841;2584;1249;172;75;159;86;73;20
Weerselo;G0188;10893;Overijssel;P23;6110;4330;30;;4300;422;3403;319;52;4;42;28;23;7
Weert;G0988;11081;Limburg;P31;28402;11568;199;;11369;3514;4501;1884;356;58;433;348;139;136
Weesp;G0457;10773;Noord-Holland;P27;13719;6927;51;;6876;2398;1560;1499;550;208;265;237;141;18
Wehl;G0292;11116;Gelderland;P25;4533;1961;10;;1951;446;1163;208;57;5;21;25;18;8
Werkendam;G0870;10078;Noord-Brabant;P30;12136;5741;37;;5704;1325;2143;828;167;1010;89;65;56;21
Wervershoof;G0459;11270;Noord-Holland;P27;5063;2725;12;;2713;525;1541;357;134;18;40;44;45;9
Wessem;G0989;10127;Limburg;P31;1642;580;2;;578;137;294;91;13;5;8;8;8;14
Westerbork;G0134;11095;Drenthe;P22;5358;3665;18;;3647;1590;825;838;121;137;39;62;30;5
Westerhoven;G0871;11041;Noord-Brabant;P30;1192;662;8;;654;142;384;81;23;1;5;10;5;3
Wester-Koggenland;G0558;10354;Noord-Holland;P27;8721;4927;45;;4882;1143;2087;1146;250;24;67;77;67;21
Westerschouwen;G0725;10701;Zeeland;P29;3981;2529;21;;2508;770;597;743;61;217;48;48;20;4
Westervoort;G0293;11085;Gelderland;P25;7320;3683;31;;3652;1384;1164;646;201;56;47;77;57;20
Westkapelle;G0726;10931;Zeeland;P29;2006;1094;2;;1092;322;293;200;17;221;10;15;10;4
Weststellingwerf;G0098;11322;Fryslân;P21;18125;10861;83;;10778;5213;2736;1779;384;261;115;220;53;17
Westvoorne;G0614;10009;Zuid-Holland;P28;9984;5479;29;;5450;1757;1025;2035;190;112;149;120;55;7
Wierden;G0189;10676;Overijssel;P23;14842;9700;41;;9659;1464;5316;1218;142;1248;73;116;62;20
Wieringen;G0462;11277;Noord-Holland;P27;6011;3031;24;;3007;1402;455;765;194;37;69;45;31;9
Wieringermeer;G0463;10239;Noord-Holland;P27;8203;4687;32;;4655;1404;1697;944;223;175;90;63;52;7
Wijchen;G0296;10723;Gelderland;P25;20642;8751;23;;8728;2620;4204;1080;439;36;91;127;90;41
Wijdewormer;G0470;10434;Noord-Holland;P27;965;601;2;;599;180;152;177;41;9;14;15;7;4
Wijhe;G0190;10888;Overijssel;P23;5190;3436;20;;3416;1169;1478;489;79;98;19;50;26;8
Wijk bij Duurstede;G0352;10760;Utrecht;P26;9168;4860;24;;4836;1573;1196;1196;374;185;89;150;65;8
Wijngaarden;G0634;10263;Zuid-Holland;P28;449;266;5;;261;20;102;27;5;95;3;3;2;4
Willemstad;G0872;10827;Noord-Brabant;P30;2370;1404;12;;1392;482;479;256;46;66;21;24;16;2
Willeskop;G0349;10758;Utrecht;P26;663;370;1;;369;45;187;65;8;53;2;7;1;1
Wilnis;G0350;10365;Utrecht;P26;3907;2352;13;;2339;264;982;603;97;259;42;56;26;10
Winschoten;G0052;10453;Groningen;P20;15681;8788;54;;8734;4961;1339;1139;734;284;70;109;73;25
Winsum;G0053;11135;Groningen;P20;4209;2859;10;;2849;1049;908;400;171;213;13;56;38;1
Winterswijk;G0294;11119;Gelderland;P25;20574;12307;80;;12227;5211;2997;2815;403;177;152;327;113;32
Wisch;G0295;10318;Gelderland;P25;14368;6826;49;;6777;1910;2844;1299;289;108;99;127;70;31
Wissenkerke;G0727;10243;Zeeland;P29;2419;1452;3;;1449;336;587;277;28;176;15;13;11;6
Wittem;G0990;11371;Limburg;P31;5629;3146;49;;3097;867;1503;371;126;11;33;49;71;66
Woensdrecht;G0873;10602;Noord-Brabant;P30;7051;3133;32;;3101;1060;974;719;106;23;101;56;45;17
Woerden;G0632;10974;Zuid-Holland;P28;17776;10106;57;;10049;2414;3536;2350;434;767;181;240;86;41
Wognum;G0466;10818;Noord-Holland;P27;4918;2527;21;;2506;455;1323;435;124;13;52;52;45;7
Wonseradeel;G0099;10454;Fryslân;P21;8119;5245;28;;5217;1595;2372;736;186;172;27;68;46;15
Wormer;G0467;10648;Noord-Holland;P27;7860;4209;30;;4179;1694;878;613;652;100;60;103;66;13
Woubrugge;G0633;10461;Zuid-Holland;P28;3370;1851;20;;1831;341;813;383;81;79;15;73;33;13
Woudenberg;G0351;11398;Utrecht;P26;6297;3877;21;;3856;695;1118;881;138;878;33;72;32;9
Woudrichem;G0874;10282;Noord-Brabant;P30;9065;4726;28;;4698;1122;1820;659;118;787;57;59;52;24
Wouw;G0875;10808;Noord-Brabant;P30;6079;2779;24;;2755;756;1211;592;54;4;69;35;19;15
Wymbritseradeel;G0101;11427;Fryslân;P21;9837;5664;34;;5630;1098;3240;760;173;150;26;82;79;22
Zaanstad;G0479;11044;Noord-Holland;P27;91743;45122;292;;44830;19880;7417;7090;5910;1217;1383;1040;716;177
Zaltbommel;G0297;10557;Gelderland;P25;6380;3495;13;;3482;1529;761;615;219;175;52;89;37;5
Zandvoort;G0473;10910;Noord-Holland;P27;12818;6551;45;;6506;1963;1037;2607;274;56;253;168;121;27
Zeeland;G0877;10759;Noord-Brabant;P30;3924;2167;13;;2154;365;1471;178;67;4;15;24;19;11
Zeevang;G0478;11121;Noord-Holland;P27;3949;2271;18;;2253;941;307;689;151;9;54;76;22;4
Zeewolde;G0050;10012;Niet-provinciaal ingedeeld;P99;675;522;0;;522;61;217;170;10;55;1;2;6;
Zegveld;G0354;10949;Utrecht;P26;1362;892;5;;887;86;416;136;7;221;4;5;10;2
Zeist;G0355;10324;Utrecht;P26;45066;23821;157;;23664;5799;5822;6922;1281;2109;484;790;383;74
Zelhem;G0298;11159;Gelderland;P25;8047;4331;24;;4307;1364;1660;768;140;220;38;68;37;12
Zevenaar;G0299;10938;Gelderland;P25;18201;9440;49;;9391;2925;3655;1748;426;94;124;261;114;44
Zevenbergen;G0878;10046;Noord-Brabant;P30;10918;5109;32;;5077;1423;1985;1042;125;167;141;108;44;42
Zevenhoven;G0635;11317;Zuid-Holland;P28;1663;940;7;;933;129;457;201;24;66;18;17;15;6
Zevenhuizen;G0636;11377;Zuid-Holland;P28;4293;2519;21;;2498;760;570;658;63;286;65;51;40;5
Zierikzee;G0732;10843;Zeeland;P29;7155;4085;22;;4063;1524;1083;786;132;358;54;64;54;8
Zijpe;G0476;10004;Noord-Holland;P27;6113;3439;23;;3416;1253;943;827;177;30;41;82;58;5
Zoetermeer;G0637;10766;Zuid-Holland;P28;54825;25759;155;;25604;9003;5110;6325;1299;1431;926;925;497;88
Zoeterwoude;G0638;11074;Zuid-Holland;P28;5742;3189;15;;3174;617;1458;666;181;46;44;82;74;6
Zuidhorn;G0056;10021;Groningen;P20;4951;3470;22;;3448;915;873;539;115;834;12;120;37;3
Zuidlaren;G0136;10002;Drenthe;P22;7384;4445;32;;4413;1529;902;1244;171;349;52;107;49;10
Zuidwolde;G0137;10262;Drenthe;P22;6538;3824;21;;3803;1041;1343;964;79;206;30;106;23;11
Zundert;G0879;11192;Noord-Brabant;P30;9633;4123;68;;4055;876;2065;786;120;10;61;65;54;18
Zutphen;G0301;10254;Gelderland;P25;22932;12381;82;;12299;5912;2419;2140;828;297;148;343;169;43
Zwartsluis;G0192;10303;Overijssel;P23;3122;2009;20;;1989;552;833;269;30;258;12;19;12;4
Zweeloo;G0138;10872;Drenthe;P22;2006;1505;6;;1499;568;338;448;50;33;10;33;17;2
Zwijndrecht;G0642;10468;Zuid-Holland;P28;28924;13877;96;;13781;4486;3613;2695;501;1520;438;351;126;51
Zwolle;G0193;10093;Overijssel;P23;64015;34477;114;;34363;12418;9449;6083;1981;2853;371;857;309;42
